GGGCATCAGCAACGGT-1,ENSMUSG00000051951,TCCCTTTCTG
GGGCATCAGCAACGGT-1,ENSMUSG00000051951,TCCCTTTCTG
TACAGTGCACTTAAGC-1,ENSMUSG00000033813,AGGTCGGCAA
CAGGTGCGTTTGTTGG-1,ENSMUSG00000033813,GCAGGACGCT
AGAATAGAGCTAGGCA-1,ENSMUSG00000033813,GCCAATATTG
CGTAGGCAGAGAGCTC-1,ENSMUSG00000025903,GTGGGTCCAC
GCAAACTCAATAAGCA-1,ENSMUSG00000025903,AGAAAACCTT
TTTGTCACACTGAAGG-1,ENSMUSG00000025903,GTGGTATACT
TATGCCCGTCGATTGT-1,ENSMUSG00000033813,AACGGATCAG
GCTCTGTGTGTGGCTC-1,ENSMUSG00000033813,TACCTTATAT
CACATTTCACCATGTA-1,ENSMUSG00000025903,CTGTCGTCAG
GGAGCAACAACACCCG-1,ENSMUSG00000025903,GAGGTGACCT
TCTCTAAAGTACATGA-1,ENSMUSG00000033813,TGCGGCTGCG
GGCTGGTCACCTGGTG-1,ENSMUSG00000033813,TTGGTAACTG
CACAAACTCGGTGTTA-1,ENSMUSG00000033813,CAGATTCACT
AGATTGCCACTGTCGG-1,ENSMUSG00000033813,ACCCCTCCGG
TCAGGTAGTCCTGCTT-1,ENSMUSG00000033813,TCCGATGGGT
TCGAGGCCATTCCTCG-1,ENSMUSG00000025903,AACACCGCGC
ACATCAGCACGGCTAC-1,ENSMUSG00000025903,CGGCTCATCG
CTTTGCGGTGACTCAT-1,ENSMUSG00000033813,CCTTCCCCAG
CAGTAACTCTTACCGC-1,ENSMUSG00000033813,CTCTGTGCTA
TATTACCAGAATCTCC-1,ENSMUSG00000025903,AATGGGCCAT
TTATGCTCACCTATCC-1,ENSMUSG00000033813,TGCTGTCATT
CCTACCAAGACTAAGT-1,ENSMUSG00000033813,GCGGGCGAGT
ACGAGCCCAGTAACGG-1,ENSMUSG00000033813,TGGACTCGTC
TGGTTAGAGGCGATAC-1,ENSMUSG00000033813,CGCCTGGCAG
TAGCCGGTCTGATTCT-1,ENSMUSG00000033813,TAGTAGTGCC
GACTACATCCGCATAA-1,ENSMUSG00000033813,CGTCCCCAGT
